[
    {
        "name": "1009 Social Space - Palagan",
        "address": "Jl. Umbul Permai No.102, Mudal, Sariharjo, Kec. Ngaglik, Kabupaten Sleman, Daerah Istimewa Yogyakarta 55581",
        "phone": "81127013869",
        "category": "Cafe"
    },
    {
        "name": "11 Coffee",
        "address": "Jl. Taman Siswa No.100, RW.08, Wirogunan, Kec. Mergangsan, Kota Yogyakarta, Daerah Istimewa Yogyakarta 55151",
        "phone": "",
        "category": "Cafe"
    },
    {
        "name": "7 Clover Coffee",
        "address": "Jl. Sukoharjo no 132 G, RT.06/RW.30, Gejayan, Condongcatur, Kec. Depok, Kabupaten Sleman, Daerah Istimewa Yogyakarta 55283",
        "phone": "0882-0030-71822",
        "category": "Cafe"
    },
    {
        "name": "A&M Co",
        "address": "Jl. Parangtritis No.139, Brontokusuman, Kec. Mergangsan, Kota Yogyakarta, Daerah Istimewa Yogyakarta 55143",
        "phone": "0822-6060-0903",
        "category": "Cafe"
    },
    {
        "name": "Ada Coffee",
        "address": "Jl. Cokrodipuran No.20, Ngupasan, Kec. Gondomanan, Kota Yogyakarta, Daerah Istimewa Yogyakarta 55122",
        "phone": "",
        "category": ""
    },
    {
        "name": "Adam's Coffee & Pastry",
        "address": "Jl. Prawirotaman No.1 No. 30, Brontokusuman, Kec. Mergangsan, Kota Yogyakarta, Daerah Istimewa Yogyakarta 55153",
        "phone": "8122952295",
        "category": ""
    },
    {
        "name": "Agoge Cafe",
        "address": "Jl. Bima Jl. Panggungsari No.164f, Wonorejo, Sariharjo, Kec. Ngaglik, Kabupaten Sleman, Daerah Istimewa Yogyakarta 55581",
        "phone": "",
        "category": "Cafe"
    },
    {
        "name": "Alra Corner",
        "address": "Jl. Surami No.846, Mantrijeron, Kec. Mantrijeron, Kota Yogyakarta, Daerah Istimewa Yogyakarta 55143",
        "phone": "0815-6871-350",
        "category": "Cafe"
    },
    {
        "name": "Anak Panah Kopi Bizz HOS",
        "address": "Jl. HOS Cokroaminoto No.185, Tegalrejo, Kec. Tegalrejo, Kota Yogyakarta, Daerah Istimewa Yogyakarta 55244",
        "phone": "82312003800",
        "category": ""
    },
    {
        "name": "ARAH Coffee Pandawa",
        "address": "Kaliurang St No.27, Karang Wuni, Caturtunggal, Depok, Sleman Regency, Special Region of Yogyakarta 55284",
        "phone": "81128512545",
        "category": "Cafe"
    },
    {
        "name": "Arka Coffee and Space",
        "address": "Jl. Taman Sari No.1/310, Patehan, Kecamatan Kraton, Kota Yogyakarta, Daerah Istimewa Yogyakarta 55133",
        "phone": "",
        "category": "Cafe"
    },
    {
        "name": "Awor Coffee Junction",
        "address": "Jl. Dr. Wahidin Sudirohusodo No.16, Klitren, Kec. Gondokusuman, Kota Yogyakarta, Daerah Istimewa Yogyakarta 55222",
        "phone": "87714637395",
        "category": "Cafe"
    },
    {
        "name": "Awor Coffee Kaliurang",
        "address": "Jl. Besi Jaya, Besi, Sukoharjo, Kec. Ngaglik, Kabupaten Sleman, Daerah Istimewa Yogyakarta 55581",
        "phone": "82119318601",
        "category": "Cafe"
    },
    {
        "name": "Awor Gallery & Coffee",
        "address": "YAP SQUARE B11, Jl. C. Simanjuntak, Terban, Kec. Gondokusuman, Kota Yogyakarta, Daerah Istimewa Yogyakarta 55223",
        "phone": "87722941300",
        "category": "Cafe"
    },
    {
        "name": "Awor Yard & Coffee",
        "address": "Jl. Palagan Tentara Pelajar P6 No.km 7, Mudal, Sariharjo, Kec. Ngaglik, Kabupaten Sleman, Daerah Istimewa Yogyakarta 55581",
        "phone": "81227860397",
        "category": "Cafe"
    },
    {
        "name": "Ayom Cafe",
        "address": "Jl. Dalgino, Area Sawah, Banyuraden, Kec. Gamping, Kabupaten Sleman, Daerah Istimewa Yogyakarta 55293",
        "phone": "8112957095",
        "category": "Cafe"
    },
    {
        "name": "Azen Coffee Mahkota",
        "address": "Jl. Urip Sumoharjo No.48, Klitren, Kec. Gondokusuman, Kota Yogyakarta, Daerah Istimewa Yogyakarta 55222",
        "phone": "87738342829",
        "category": "Cafe"
    },
    {
        "name": "Azen Coffee Malioboro",
        "address": "Jl. Suryatmajan No.39, Suryatmajan, Kec. Danurejan, Kota Yogyakarta, Daerah Istimewa Yogyakarta 55122",
        "phone": "87738342829",
        "category": ""
    },
    {
        "name": "B Coffee",
        "address": "Jl. Jogokaryan No.61-63, Mantrijeron, Kec. Mantrijeron, Kota Yogyakarta, Daerah Istimewa Yogyakarta 55143",
        "phone": "82125358383",
        "category": "Cafe"
    },
    {
        "name": "BAH Drink & Eatery",
        "address": "697P+QJ6, Jl. Tri Brata, Klitren, Kec. Gondokusuman, Kota Yogyakarta, Daerah Istimewa Yogyakarta 55222",
        "phone": "",
        "category": "Cafe"
    },
    {
        "name": "Balcos Compound",
        "address": "6CF2+CRF, Jl. Nologaten, Nologaten, Caturtunggal, Kec. Depok, Kabupaten Sleman, Daerah Istimewa Yogyakarta 55281",
        "phone": "82117549291",
        "category": "Cafe"
    },
    {
        "name": "Bestfrengs Yogyakarta",
        "address": "Jl. Pandega Sakti No.3, Manggung, Caturtunggal, Kec. Depok, Kabupaten Sleman, Daerah Istimewa Yogyakarta 55571",
        "phone": "82244029460",
        "category": "Cafe"
    },
    {
        "name": "Blanco Coffee And Books",
        "address": "Jl. Kranggan No.30, Cokrodiningratan, Kec. Jetis, Kota Yogyakarta, Daerah Istimewa Yogyakarta 55233",
        "phone": "",
        "category": ""
    },
    {
        "name": "Blok House",
        "address": "69GG+45X GIK UGM, Jl. Persatuan, Sendowo, Sinduadi, Kec. Depok, Kabupaten Sleman, Daerah Istimewa Yogyakarta 55223",
        "phone": "0895-8066-85207",
        "category": "Cafe"
    },
    {
        "name": "Bloomery Atelier Yogyakarta",
        "address": "Jl. Jambon No.43 B, Rogoyudan, Kricak, Kec. Tegalrejo, Kota Yogyakarta, Daerah Istimewa Yogyakarta 55242",
        "phone": "82137444576",
        "category": "Cafe"
    },
    {
        "name": "Blue Heron",
        "address": "Jl. Asem Gede No.23, Sanggrahan, Condongcatur, Kec. Depok, Kabupaten Sleman, Daerah Istimewa Yogyakarta 55281",
        "phone": "82228888220",
        "category": "Cafe"
    },
    {
        "name": "Boy Sip & Bites",
        "address": "Jl. Pakuningratan No.56A, Cokrodiningratan, Kec. Jetis, Kota Yogyakarta, Daerah Istimewa Yogyakarta 55233",
        "phone": "85283836090",
        "category": "Cafe"
    },
    {
        "name": "BRICafe X Couvee",
        "address": "Jl. Sagan Tim. No.123, Terban, Kec. Gondokusuman, Kota Yogyakarta, Daerah Istimewa Yogyakarta 55223",
        "phone": "(0274)5012463",
        "category": "Cafe"
    },
    {
        "name": "Bumi Seduh Coffee",
        "address": "Jl. Patih Singoranu, Kragilan, Tamanan, Kec. Banguntapan, Kabupaten Bantul, Daerah Istimewa Yogyakarta 55191",
        "phone": "81329308832",
        "category": ""
    },
    {
        "name": "Bura Bura Coffee",
        "address": "Ruko Cokro Square, Jl. HOS Cokroaminoto No.Kav 0 Blok Kav N, Tegalrejo, Yogyakarta City, Special Region of Yogyakarta 55244",
        "phone": "8113228056",
        "category": ""
    },
    {
        "name": "Butterhalf Palagan",
        "address": "Jl. Palagan Tentara Pelajar No.126, Jongkang, Sariharjo, Kec. Ngaglik, Kabupaten Sleman, Daerah Istimewa Yogyakarta 55581",
        "phone": "8112909975",
        "category": "Cafe"
    },
    {
        "name": "C28 Social Space - Malioboro",
        "address": "Jl. Kemetiran Lor No.6, Pringgokusuman, Gedong Tengen, Kota Yogyakarta, Daerah Istimewa Yogyakarta 55272",
        "phone": "85179966809",
        "category": "Cafe"
    },
    {
        "name": "C28 Social Space - Urip Sumoharjo",
        "address": "Jl. Urip Sumoharjo No.103H, Klitren, Kec. Gondokusuman, Kota Yogyakarta, Daerah Istimewa Yogyakarta 55222",
        "phone": "85179966809",
        "category": "Cafe"
    },
    {
        "name": "Cafe Bico",
        "address": "69M7+F9W, Kutu Dukuh, Sinduadi, Kec. Mlati, Kabupaten Sleman, Daerah Istimewa Yogyakarta 55284",
        "phone": "",
        "category": "Cafe"
    },
    {
        "name": "Canie Coffee & Space",
        "address": "Jl. Pandega Marta No.99, RT.03 RW01/RW.Kalurahan, Manggung, Caturtunggal, Kec. Depok, Kabupaten Sleman, Daerah Istimewa Yogyakarta 55281",
        "phone": "81138239900",
        "category": "Cafe"
    },
    {
        "name": "CAPSLOCK COFFEE",
        "address": "Blk. A No.a15, Pogung Kidul, Sinduadi, Kec. Mlati, Kabupaten Sleman, Daerah Istimewa Yogyakarta 55284",
        "phone": "8982252555",
        "category": "Cafe"
    },
    {
        "name": "Carney Co",
        "address": "Jl. Garuni II, Kledokan, Caturtunggal, Kec. Depok, Kabupaten Sleman, Daerah Istimewa Yogyakarta 55281",
        "phone": "",
        "category": ""
    },
    {
        "name": "Champa Jogja",
        "address": "Sekar Petak No.1, RT.001/RW.037, Gedongan, Bangunjiwo, Kec. Kasihan, Kabupaten Bantul, Daerah Istimewa Yogyakarta 55184",
        "phone": "",
        "category": "Cafe"
    },
    {
        "name": "Chandari Heaven",
        "address": "Sumberwatu, Sambirejo, Prambanan, Sleman Regency, Special Region of Yogyakarta 55572",
        "phone": "(0274)2855118",
        "category": "Cafe"
    },
    {
        "name": "Cheri Patisseries & Brasseries",
        "address": "Jl. Kranggan No.28, Cokrodiningratan, Kec. Jetis, Kota Yogyakarta, Daerah Istimewa Yogyakarta 55233",
        "phone": "82136701591",
        "category": "Cafe"
    },
    {
        "name": "Coconut Coffee & Eatery Palagan",
        "address": "Jl. Pandhawa, Tegal Rejo, Sariharjo, Kec. Ngaglik, Kabupaten Sleman, Daerah Istimewa Yogyakarta 55581",
        "phone": "81770455890",
        "category": "Cafe"
    },
    {
        "name": "Coffee Wae",
        "address": "58PJ+JGW, Jl. Tamantirto Kasihan Bantul No.451F, Brajan, Tamantirto, Kec. Kasihan, Kabupaten Bantul, Daerah Istimewa Yogyakarta 55184",
        "phone": "8973456078",
        "category": ""
    },
    {
        "name": "Coklat Cafe",
        "address": "Jl. Cik Di Tiro No.19, Terban, Kec. Gondokusuman, Kota Yogyakarta, Daerah Istimewa Yogyakarta 55223",
        "phone": "(0274)546446",
        "category": "Cafe"
    },
    {
        "name": "Cold 'N Brew Parangtritis",
        "address": "Daerah Istimewa, Jl. Parangtritis No.139, Brontokusuman, Mergangsan, Yogyakarta City, Special Region of Yogyakarta 55143",
        "phone": "(0271)6793355",
        "category": ""
    },
    {
        "name": "COLORTONES Koffie & Studio",
        "address": "Jl. Bakung No.21, Baciro, Kec. Gondokusuman, Kota Yogyakarta, Daerah Istimewa Yogyakarta 55225",
        "phone": "81227997911",
        "category": ""
    },
    {
        "name": "Copenhagen - Jakal",
        "address": "Kaliurang St No.KM.9, Gondangan, Sardonoharjo, Ngaglik, Sleman Regency, Special Region of Yogyakarta 55581",
        "phone": "81127009989",
        "category": "Cafe"
    },
    {
        "name": "COSAN - Demangan",
        "address": "Jl. Demangan Baru No.29, Mrican, Caturtunggal, Kec. Depok, Kabupaten Sleman, Daerah Istimewa Yogyakarta 55281",
        "phone": "85959145708",
        "category": "Cafe"
    },
    {
        "name": "Cosan - Jakal",
        "address": "Km 5, Jl. Kaliurang Jl. Srinindito No.8, Pogung Kidul, Caturtunggal, Kec. Mlati, Yogyakarta, Daerah Istimewa Yogyakarta 55281",
        "phone": "85959145708",
        "category": "Cafe"
    },
    {
        "name": "COSAN - Kotabaru",
        "address": "Jl. Patimura No.3, Kotabaru, Kec. Gondokusuman, Kota Yogyakarta, Daerah Istimewa Yogyakarta 55224",
        "phone": "",
        "category": "Cafe"
    },
    {
        "name": "COSAN - Seturan",
        "address": "Jl. Seturan Raya No.6, Kledokan, Caturtunggal, Kec. Depok, Kabupaten Sleman, Daerah Istimewa Yogyakarta 55281",
        "phone": "",
        "category": "Cafe"
    },
    {
        "name": "COSAN Reserve at Harper Malioboro",
        "address": "Jl. P. Mangkubumi No.52, Gowongan, Kec. Jetis, Kota Yogyakarta, Daerah Istimewa Yogyakarta 55232",
        "phone": "82139228074",
        "category": "Cafe"
    },
    {
        "name": "Couvee - Ahmad Dahlan",
        "address": "Jl. KH. Ahmad Dahlan No.90, Ngampilan, Kota Yogyakarta, Daerah Istimewa Yogyakarta 55261",
        "phone": "82243105790",
        "category": "Cafe"
    },
    {
        "name": "Couvee - Jalan Kaliurang",
        "address": "KM 5, Kaliurang St Jl. Pandega Karya No.18, RW.6, Manggung, Caturtunggal, Depok, Sleman Regency, Special Region of Yogyakarta 55281",
        "phone": "",
        "category": "Cafe"
    },
    {
        "name": "Couvee - Palagan (Take Away Store)",
        "address": "Jl. Kranji Jl. Krikilan, RT.06/RW.22, Randuguang, Sariharjo, Kec. Ngaglik, Kabupaten Sleman, Daerah Istimewa Yogyakarta 55581",
        "phone": "85742288443",
        "category": "Cafe"
    },
    {
        "name": "Couvee - Plaza Ambarrukmo",
        "address": "Plaza Ambarrukmo, Jl. Laksda Adisucipto, Ambarukmo, Caturtunggal, Kec. Depok, Kabupaten Sleman, Daerah Istimewa Yogyakarta 55281",
        "phone": "8112950195",
        "category": "Cafe"
    },
    {
        "name": "Couvee - Seturan",
        "address": "Jl. Seturan Raya No.88, Kledokan, Caturtunggal, Kec. Depok, Kabupaten Sleman, Daerah Istimewa Yogyakarta 55281",
        "phone": "81215952236",
        "category": "Cafe"
    },
    {
        "name": "Couvee - Taman Siswa",
        "address": "Jl. Taman Siswa No.117, Wirogunan, Kec. Mergangsan, Kota Yogyakarta, Daerah Istimewa Yogyakarta 55151",
        "phone": "8112950195",
        "category": "Cafe"
    },
    {
        "name": "Couvee Reside",
        "address": "Jl. Sagan Kidul No.4, Terban, Kec. Gondokusuman, Kota Yogyakarta, Daerah Istimewa Yogyakarta 55223",
        "phone": "",
        "category": "Cafe"
    },
    {
        "name": "CUPP it Coffee & Bread",
        "address": "Jl. Bhayangkara No.18, Ngupasan, Kec. Gondomanan, Kota Yogyakarta, Daerah Istimewa Yogyakarta",
        "phone": "",
        "category": ""
    },
    {
        "name": "CW Coffee & Eatery Seturan Jogja",
        "address": "6CG5+RMG, Jl. Seturan Raya, Kledokan, Caturtunggal, Kec. Depok, Kabupaten Sleman, Daerah Istimewa Yogyakarta 55281",
        "phone": "",
        "category": "Cafe"
    },
    {
        "name": "CW Coffee Cikditiro",
        "address": "Jl. Cik Di Tiro No.37, Terban, Kec. Gondokusuman, Kota Yogyakarta, Daerah Istimewa Yogyakarta 55223",
        "phone": "8115736900",
        "category": "Cafe"
    },
    {
        "name": "D'AGRO FINE COFFEE YK",
        "address": "Jl. Urip Sumoharjo No.100, Klitren, Kec. Gondokusuman, Kota Yogyakarta, Daerah Istimewa Yogyakarta 55222",
        "phone": "85183024420",
        "category": "Cafe"
    },
    {
        "name": "Dasawarsa Coffee Roasters",
        "address": "Jl. Poncowinatan No.79, Cokrodiningratan, Kec. Jetis, Kota Yogyakarta, Daerah Istimewa Yogyakarta 55233",
        "phone": "",
        "category": ""
    },
    {
        "name": "de Ngokow Coffee Roastery & Tea Club Jogja",
        "address": "Jl. Bantul No.64, Gedongkiwo, Kec. Mantrijeron, Kota Yogyakarta, Daerah Istimewa Yogyakarta 55142",
        "phone": "87782176489",
        "category": "Cafe"
    },
    {
        "name": "Demakijo\u2019s | Coffee & Eatery",
        "address": "Cokrowijayan, Banyuraden, Gamping, Sleman Regency, Special Region of Yogyakarta 55293",
        "phone": "81977772025",
        "category": "Cafe"
    },
    {
        "name": "DJIWANA Cafe & Eatery",
        "address": "Jl. Jatirejo, RT.01/RW.21, Jongke Tengah, Sendangadi, Kec. Mlati, Kabupaten Sleman, Daerah Istimewa Yogyakarta 55285",
        "phone": "(0274)5051212",
        "category": "Cafe"
    },
    {
        "name": "d'Kappu Soemantri Coffee & Brunch",
        "address": "Jl. Kapulogo Nologaten No.240, Nologaten, Caturtunggal, Kec. Depok, Kabupaten Sleman, Daerah Istimewa Yogyakarta 63411",
        "phone": "0882-0060-82070",
        "category": "Cafe"
    },
    {
        "name": "Dorpie Coffee",
        "address": "Jl. Imogiri Barat No.KM 7, Semail, Bangunharjo, Kec. Sewon, Kabupaten Bantul, Daerah Istimewa Yogyakarta 55797",
        "phone": "82322294977",
        "category": "Cafe"
    },
    {
        "name": "Dummin Coffee & Space UKDW",
        "address": "Jl. Dr. Wahidin Sudirohusodo No.34, RT.14/RW.04, Klitren, Kec. Gondokusuman, Kota Yogyakarta, Daerah Istimewa Yogyakarta 55222",
        "phone": "",
        "category": "Cafe"
    },
    {
        "name": "Eazy Breezy",
        "address": "7C2J+XWQ, Gedongan Lor, Wedomartani, Kec. Ngemplak, Kabupaten Sleman, Daerah Istimewa Yogyakarta 55584",
        "phone": "81329086565",
        "category": "Cafe"
    },
    {
        "name": "Eighteen Coffee Jogja",
        "address": "Jl. Prof. DR. Ki Amri Yahya No.1, Pakuncen, Wirobrajan, Kota Yogyakarta, Daerah Istimewa Yogyakarta 55253",
        "phone": "0895-6074-65000",
        "category": "Cafe"
    },
    {
        "name": "Ekologi Desk & Coffee",
        "address": "69PQ+6G2, Jalan Gambir 4, Karang Gayam CT VIII No.139, Karang Gayam, Caturtunggal, Kec. Depok, Kabupaten Sleman, Daerah Istimewa Yogyakarta 55281",
        "phone": "(0274)514295",
        "category": ""
    },
    {
        "name": "ESCO RESTAURANT & NO.27 COFFEE",
        "address": "Jl. Pringgodani Jl. Demangan Baru No.14, Mrican, Caturtunggal, Kec. Depok, Kabupaten Sleman, Daerah Istimewa Yogyakarta 55281",
        "phone": "",
        "category": "Cafe"
    },
    {
        "name": "Estuary Caf\u00e9",
        "address": "Gang Code 3, Karangjati Wetan, No.170 C, Monjali St, RT.06/RW.45, Gemawang, Sinduadi, Mlati, Sleman Regency, Special Region of Yogyakarta 55283",
        "phone": "(0274)5014118",
        "category": "Cafe"
    },
    {
        "name": "ETECE Coffee Roastery",
        "address": "Jalan Tata Bumi (Perumahan, Jl. Gading Sari II No.2, Banyuraden, Kec. Gamping, Kabupaten Sleman, Daerah Istimewa Yogyakarta 55293",
        "phone": "88221700000",
        "category": "Cafe"
    },
    {
        "name": "Etten Coffee",
        "address": "Ruko Perwita Regency, Jl. Salakan No.A2, Randubelang, Bangunharjo, Kec. Sewon, Kabupaten Bantul, Daerah Istimewa Yogyakarta 55188",
        "phone": "0895-3882-88111",
        "category": "Cafe"
    },
    {
        "name": "Ever Coffee Yogyakarta",
        "address": "Jl. Rogoyudan 1 No.1, Rogoyudan, Sinduadi, Kec. Mlati, Kabupaten Sleman, Daerah Istimewa Yogyakarta 55284",
        "phone": "0895-6104-59703",
        "category": "Cafe"
    },
    {
        "name": "Fifth Note",
        "address": "Jl. Damai No.5A, Karang Moko, Sariharjo, Kec. Ngaglik, Kabupaten Sleman, Daerah Istimewa Yogyakarta 55581",
        "phone": "",
        "category": "Cafe"
    },
    {
        "name": "Fill in Blue",
        "address": "Jl. Brigjen Katamso, Prawirodirjan, Kec. Gondomanan, Kota Yogyakarta, Daerah Istimewa Yogyakarta 55121",
        "phone": "81237056149",
        "category": "Cafe"
    },
    {
        "name": "Fordo Espresso Bar",
        "address": "Kaliurang St Jl. Pogung Kidul No.34-33, Pogung Kidul, Sinduadi, Mlati, Sleman Regency, Special Region of Yogyakarta 55284",
        "phone": "82325656909",
        "category": "Cafe"
    },
    {
        "name": "Fore Coffee - Kaliurang",
        "address": "Kaliurang St No.KM 5, Karang Wuni, Caturtunggal, Depok, Sleman Regency, Special Region of Yogyakarta 55153",
        "phone": "81211118456",
        "category": ""
    },
    {
        "name": "Fortunate Coffee Jogja",
        "address": "Jl. Jogonegaran No.49E, Pringgokusuman, Gedong Tengen, Kota Yogyakarta, Daerah Istimewa Yogyakarta 55271",
        "phone": "(0274)564219",
        "category": ""
    },
    {
        "name": "Funkydak",
        "address": "Jl. Garuda No.45, Mrican, Caturtunggal, Kec. Depok, Kabupaten Sleman, Daerah Istimewa Yogyakarta 55281",
        "phone": "82124370066",
        "category": "Cafe"
    },
    {
        "name": "GACA The Publik Haus",
        "address": "Jl. Gatotkaca No.1G, Santren, Caturtunggal, Kec. Depok, Kabupaten Sleman, Daerah Istimewa Yogyakarta 55281",
        "phone": "",
        "category": "Cafe"
    },
    {
        "name": "Gandhok Coffee Kadipaten",
        "address": "Jl. Nogosari Lor No.10, Kadipaten, Kecamatan Kraton, Kota Yogyakarta, Daerah Istimewa Yogyakarta 55132",
        "phone": "85330185328",
        "category": ""
    },
    {
        "name": "Gaskara Coffee & Vibes",
        "address": "Kutu Wates, Kutu Asem, Sinduadi, Kec. Mlati, Kabupaten Sleman, Daerah Istimewa Yogyakarta 55241",
        "phone": "85117300186",
        "category": "Cafe"
    },
    {
        "name": "Gemati Cafe and Space Yogyakarta",
        "address": "Jl. Sidomukti, Tiyosan, Condongcatur, Kec. Depok, Kabupaten Sleman, Daerah Istimewa Yogyakarta 55281",
        "phone": "",
        "category": "Cafe"
    },
    {
        "name": "GIRIMANAH",
        "address": "Pundak II, Kembang, Nanggulan, Kulon Progo Regency, Special Region of Yogyakarta",
        "phone": "",
        "category": "Cafe"
    },
    {
        "name": "GOFFE\u00c9 Doughnuts & Coffee, Yogyakarta",
        "address": "Jl. Wahid Hasyim, Ngropoh, Condongcatur, Kec. Depok, Kota Yogyakarta, Daerah Istimewa Yogyakarta 55281",
        "phone": "85946760740",
        "category": "Cafe"
    },
    {
        "name": "Goho Coffee & Eatery",
        "address": "Jl. Wahid Hasyim No.32, RT.07/RW25/RW.Widoro baru, Ngropoh, Condongcatur, Kec. Depok, Kabupaten Sleman, Daerah Istimewa Yogyakarta 55283",
        "phone": "85117786100",
        "category": "Cafe"
    },
    {
        "name": "Hagia Coffee Yogyakarta",
        "address": "Jl. Pringgokusuman No.10, Pringgokusuman, Gedong Tengen, Kota Yogyakarta, Daerah Istimewa Yogyakarta 55272",
        "phone": "88227280960",
        "category": "Cafe"
    },
    {
        "name": "HaloHelokopi",
        "address": "Jl. Babaran, Warungboto, Kec. Umbulharjo, Kota Yogyakarta, Daerah Istimewa Yogyakarta 55161",
        "phone": "81390956569",
        "category": ""
    },
    {
        "name": "Hayati | Specialty Coffee",
        "address": "Jl. Demangan Baru No.7, Demangan Baru, Caturtunggal, Kec. Depok, Kabupaten Sleman, Daerah Istimewa Yogyakarta 55281",
        "phone": "81225345877",
        "category": ""
    },
    {
        "name": "Henggoy Coffee",
        "address": "Jl. Menukan No.3A, Brontokusuman, Kec. Mergangsan, Kota Yogyakarta, Daerah Istimewa Yogyakarta 55153",
        "phone": "82139124912",
        "category": ""
    },
    {
        "name": "Hidjau Coffee & Mart",
        "address": "Jl. KH. Ahmad Dahlan No.132, Ngampilan, Kota Yogyakarta, Daerah Istimewa Yogyakarta 55261",
        "phone": "(0274)513230",
        "category": ""
    },
    {
        "name": "Hitam Manis Kedai Kopi - Yogyakarta",
        "address": "Jl. Gerilya, Pondok, Condongcatur, Kec. Depok, Kabupaten Sleman, Daerah Istimewa Yogyakarta 55281",
        "phone": "82138552339",
        "category": "Cafe"
    },
    {
        "name": "Hoja Coffee Bar",
        "address": "69MH+MRF, Kocoran CT.III, RT.5/RW.3, Kocoran, Caturtunggal, Kec. Depok, Kabupaten Sleman, Daerah Istimewa Yogyakarta",
        "phone": "",
        "category": "Cafe"
    },
    {
        "name": "Hope Coffee & Kitchen",
        "address": "5945+49F, Pandes, Panggungharjo, Sewon, Bantul Regency, Special Region of Yogyakarta 55188",
        "phone": "89635392300",
        "category": "Cafe"
    },
    {
        "name": "HSCO. Had Some Coffee.",
        "address": "Jl. Pekapalan, Alun-Alun Utara, Kec. Gondomanan, Kota Yogyakarta, Daerah Istimewa Yogyakarta 55121",
        "phone": "87758599215",
        "category": ""
    },
    {
        "name": "Inmigunani",
        "address": "Purwokinanti PA1 301, Pakualaman, Kota Yogyakarta, Daerah Istimewa Yogyakarta 55112",
        "phone": "85337232188",
        "category": ""
    },
    {
        "name": "Isvara Riverside",
        "address": "Nambongan, Tlogoadi, Mlati, Sleman Regency, Special Region of Yogyakarta 55286",
        "phone": "87733445563",
        "category": "Cafe"
    },
    {
        "name": "Jeeva Yogyakarta",
        "address": "Jl. Suhartono No.2, Kotabaru, Kec. Gondokusuman, Kota Yogyakarta, Daerah Istimewa Yogyakarta 55224",
        "phone": "811255568",
        "category": "Cafe"
    },
    {
        "name": "JeevnyCoffee \ua997\ua9bc\ua984\ua9bc\ua9ae\ua9b3\ua9c0\ua99a\ua9c0\ua995\ua9ba\ua9b4\ua9a5\ua9b3\ua9c0\ua9a5\ua9b3\ua9ba\ua9aa\ua9ba",
        "address": "59QQ+R9G, Gg. Anggrek, Warungboto, Kec. Umbulharjo, Kota Yogyakarta, Daerah Istimewa Yogyakarta 55164",
        "phone": "",
        "category": "Cafe"
    },
    {
        "name": "Jiwajawi Jogja",
        "address": "Jl. Tugu Gentong Jl. Fasco Village, Salakan, Bangunjiwo, Kec. Kasihan, Kabupaten Bantul, Daerah Istimewa Yogyakarta 55184",
        "phone": "87713574413",
        "category": "Cafe"
    },
    {
        "name": "Jnawi Cafe",
        "address": "697G+P92, Jl. Sareh, Kotabaru, Kec. Gondokusuman, Kota Yogyakarta, Daerah Istimewa Yogyakarta 55224",
        "phone": "",
        "category": ""
    },
    {
        "name": "Jog.Ya! By Kepomo",
        "address": "Jl. Siliran Lor, Panembahan, Kecamatan Kraton, Kota Yogyakarta, Daerah Istimewa Yogyakarta 55131",
        "phone": "81391395354",
        "category": ""
    },
    {
        "name": "Kaktus Coffee Place",
        "address": "Jl. Gondang Raya No.4-5, RT.08/RW.63, Kentungan, Condongcatur, Kec. Depok, Kabupaten Sleman, Daerah Istimewa Yogyakarta 55283",
        "phone": "82226903743",
        "category": "Cafe"
    },
    {
        "name": "Kalluna Steak & Indonesian Food | Restaurant & Meeting Space",
        "address": "Jl. Sajiono No.13, Kotabaru, Kec. Gondokusuman, Kota Yogyakarta, Daerah Istimewa Yogyakarta 55224",
        "phone": "82136939530",
        "category": "Cafe"
    },
    {
        "name": "Kaloka Space \ua9cb\ua98f\ua9ad\ua9ba\ua9b4\ua9ad\ua9b1\ua9c0\ua9a5\ua995\ua9ba",
        "address": "58MJ+RFJ, Brajan, Tamantirto, Kasihan, Bantul Regency, Special Region of Yogyakarta 55184",
        "phone": "81314040606",
        "category": "Cafe"
    },
    {
        "name": "Kalola Perumnas",
        "address": "Jl. Perumnas, Dabag, Condongcatur, Kec. Depok, Kabupaten Sleman, Daerah Istimewa Yogyakarta 55283",
        "phone": "81314040606",
        "category": "Cafe"
    },
    {
        "name": "Karta Coffee & Eatery",
        "address": "Karta Coffee & Eatery, Jl. Malioboro. 52-58, Suryatmajan, Danurejan Plaza Malioboro, Lt. 1 Unit 13-16, Kota Yogyakarta, Daerah Istimewa Yogyakarta 55213",
        "phone": "8111991995",
        "category": ""
    },
    {
        "name": "Kebon Ndalem Coffee & Eatery",
        "address": "Jl. Pangeran Diponegoro No.2, Gowongan, Kec. Jetis, Kota Yogyakarta, Daerah Istimewa Yogyakarta 55233",
        "phone": "88233676888",
        "category": ""
    },
    {
        "name": "Kedai Kopi Om Man",
        "address": "Jl. Pangeran Diponegoro No.1, Gowongan, Kec. Jetis, Kota Yogyakarta, Daerah Istimewa Yogyakarta 55233",
        "phone": "82137352167",
        "category": ""
    },
    {
        "name": "Kelakon coffee and eatery",
        "address": "Kalangan, Baturetno, Banguntapan, Bantul Regency, Special Region of Yogyakarta",
        "phone": "81334455932",
        "category": "Cafe"
    },
    {
        "name": "Kemari Coffee & space jakal",
        "address": "Gg. Pandega Mandala No.3b, Manggung, Caturtunggal, Kec. Depok, Kabupaten Sleman, Daerah Istimewa Yogyakarta 55281",
        "phone": "",
        "category": "Cafe"
    },
    {
        "name": "Kenal Coffee Yogyakarta",
        "address": "Jl. Mangkuyudan No.19, Mantrijeron, Kec. Mantrijeron, Kota Yogyakarta, Daerah Istimewa Yogyakarta 55143",
        "phone": "(0274)382621",
        "category": ""
    },
    {
        "name": "Kickback Coffee",
        "address": "Jl. Yudistiro No.22, Gentan, Sinduharjo, Kec. Ngaglik, Kabupaten Sleman, Daerah Istimewa Yogyakarta 55581",
        "phone": "",
        "category": "Cafe"
    },
    {
        "name": "KITA by inessya",
        "address": "Jl. Taman, Patehan, Kecamatan Kraton, Kota Yogyakarta, Daerah Istimewa Yogyakarta 55133",
        "phone": "",
        "category": "Cafe"
    },
    {
        "name": "KLA ARABICA",
        "address": "Jl. Waringinsari I No.77, Ngropoh, Condongcatur, Kec. Depok, Kabupaten Sleman, Daerah Istimewa Yogyakarta 55281",
        "phone": "",
        "category": "Cafe"
    },
    {
        "name": "KLA Co-Working Space",
        "address": "Jl. Prof. Dr. Ir. Herman Johannes Jl. Sagan No.73, Samirono, Caturtunggal, Kec. Depok, Kota Yogyakarta, Daerah Istimewa Yogyakarta 55223",
        "phone": "85967279899",
        "category": "Cafe"
    },
    {
        "name": "Koat Coffee Palagan",
        "address": "Jl.Palagan Tentara Pelajar, Sariharjo, Kabupaten Sleman Yogyakarta, Daerah Istimewa Yogyakarta 55581",
        "phone": "85727055606",
        "category": "Cafe"
    },
    {
        "name": "KOFIBR\u00dc - Pakuningratan, Yogyakarta",
        "address": "Jl. Pakuningratan No.40, Cokrodiningratan, Kec. Jetis, Kota Yogyakarta, Daerah Istimewa Yogyakarta 55233",
        "phone": "85134555930",
        "category": "Cafe"
    },
    {
        "name": "Kolbano Coffee & Eatery",
        "address": "Bodeh, Ambarketawang, Gamping, Sleman Regency, Special Region of Yogyakarta 55294",
        "phone": "81392668609",
        "category": ""
    },
    {
        "name": "Kopa Kopi Purwanggan",
        "address": "Jl. Bausasran No.56, Purwokinanti, Pakualaman, Kota Yogyakarta, Daerah Istimewa Yogyakarta 55112",
        "phone": "",
        "category": "Cafe"
    },
    {
        "name": "Kopi Calf To Go Jakal",
        "address": "Kaliurang St No.Km. 5, Karang Wuni, Caturtunggal, Depok, Sleman Regency, Special Region of Yogyakarta 55281",
        "phone": "85133844639",
        "category": "Cafe"
    },
    {
        "name": "Kopi dibawahtangga Kotabaru Jogja",
        "address": "Jl. Juadi No.1, Kotabaru, Kec. Gondokusuman, Kota Yogyakarta, Daerah Istimewa Yogyakarta 55224",
        "phone": "",
        "category": ""
    },
    {
        "name": "Kopi Kenangan - Alfamidi Super Kaliurang KM 9",
        "address": "Alfamidi Super, Jl. Kaliurang No.1 Blok A, Gondangan, Sinduharjo, Kec. Ngaglik, Kabupaten Sleman, Daerah Istimewa Yogyakarta 55581",
        "phone": "817439772",
        "category": "Cafe"
    },
    {
        "name": "Kopi Kenangan - Godean Yogyakarta",
        "address": "Jl. Godean No.23B, Kembang, Ngestiharjo, Kec. Kasihan, Kabupaten Bantul, Daerah Istimewa Yogyakarta 55182",
        "phone": "81944218570",
        "category": "Cafe"
    },
    {
        "name": "Kopi Kenangan - Hartono Mall Jogja",
        "address": "Hartono Mall Yogyakarta, Catur, Jl. Ring Road Utara Sanggrahan No.2, Kaliwaru, Condong, Yogyakarta, Daerah Istimewa Yogyakarta 55281",
        "phone": "8179138020",
        "category": "Cafe"
    },
    {
        "name": "Kopi Kenangan - Jogya City Mall",
        "address": "Jogja City Mall, Jl. Magelang Lantai 2, Kutu Patran, Sinduadi, Kec. Mlati, Yogyakarta, Daerah Istimewa Yogyakarta 55284",
        "phone": "8179138021",
        "category": "Cafe"
    },
    {
        "name": "Kopi Kenangan - Kota Baru Jogja",
        "address": "Jl. Suroto No.4, Kotabaru, Kec. Gondokusuman, Kota Yogyakarta, Daerah Istimewa Yogyakarta 55224",
        "phone": "",
        "category": "Cafe"
    },
    {
        "name": "Kopi Kenangan - Lippo Plaza Jogja",
        "address": "Lippo Plaza Jogja, Jl. Laksda Adisucipto No.32-34 Ground Floor, Demangan, Gondokusuman, Yogyakarta City, Special Region of Yogyakarta 55221",
        "phone": "8170110206",
        "category": "Cafe"
    },
    {
        "name": "Kopi Kenangan - Pakuwon Jogja",
        "address": "Jl. Ring Road Utara, Kaliwaru, Condongcatur, Kec. Depok, Kabupaten Sleman, Daerah Istimewa Yogyakarta 55281",
        "phone": "8179275317",
        "category": "Cafe"
    },
    {
        "name": "Kopi Kenangan - Ramai Malioboro",
        "address": "Ramai Malioboro, Jl. Jend. Ahmad Yani No.73 Ground Floor, Ngupasan, Kec. Gondomanan, Kota Yogyakarta, Daerah Istimewa Yogyakarta 55122",
        "phone": "8170110220",
        "category": "Cafe"
    },
    {
        "name": "Kopi Kenangan - RSUP Dr. Sardjito Yogyakarta",
        "address": "69JF+VCM JL. Kesehatan Sekip, Sendowo, Sinduadi, Sleman Regency, Special Region of Yogyakarta 55281",
        "phone": "8179275304",
        "category": "Cafe"
    },
    {
        "name": "Kopi Kenangan - Ruko Colombo Yogyakarta",
        "address": "Jl. Colombo No.06, Samirono, Caturtunggal, Kec. Depok, Kabupaten Sleman, Daerah Istimewa Yogyakarta 55281",
        "phone": "81944219460",
        "category": "Cafe"
    },
    {
        "name": "Kopi Kenangan - Ruko Jalan Seturan",
        "address": "Depan Sekolah Budi Mulia Dua, Jl. Seturan Raya, Ngropoh, Condongcatur, Kec. Depok, Kabupaten Sleman, Daerah Istimewa Yogyakarta 55281",
        "phone": "8174863154",
        "category": "Cafe"
    },
    {
        "name": "Kopi Kenangan - Ruko Kaliurang KM 5 Yogyakarta",
        "address": "Jl. Kaliurang No.KM 5 No 36, RT.013/RW.05, Karang Wuni, Caturtunggal, Kec. Depok, Kabupaten Sleman, Daerah Istimewa Yogyakarta 55284",
        "phone": "81944215057",
        "category": "Cafe"
    },
    {
        "name": "Kopi Kenangan - Ruko Kaliurang Yogyakarta",
        "address": "Kaliurang St No.51 B, Kentungan, Condong Catur, Depok, Sleman Regency, Special Region of Yogyakarta 55281",
        "phone": "8170739149",
        "category": "Cafe"
    },
    {
        "name": "Kopi Kenangan - Ruko Taman Siswa Yogyakarta",
        "address": "Jl. Taman Siswa No.151, Wirogunan, Kec. Mergangsan, Kota Yogyakarta, Daerah Istimewa Yogyakarta 55151",
        "phone": "817439816",
        "category": "Cafe"
    },
    {
        "name": "Kopi Kenangan - Sleman City Hall",
        "address": "Jl. Gito Gati Jl. Grojogan No.Km. 1, Penggung, Tridadi, Kec. Sleman, Kabupaten Sleman, Daerah Istimewa Yogyakarta 55511",
        "phone": "8179140008",
        "category": "Cafe"
    },
    {
        "name": "Kopi Kenangan - SPBU Pertamina COCO Adisucipto",
        "address": "SPBU Pertamina COCO, Jl. Laksda Adisucipto No.01 41.552, Ngentak, Caturtunggal, Container, Kota Yogyakarta, Daerah Istimewa Yogyakarta 55282",
        "phone": "8176562256",
        "category": "Cafe"
    },
    {
        "name": "Kopi Kenangan - SPBU Terban Yogyakarta",
        "address": "SPBU, SPBU Pertamina 44, Jl. C. Simanjuntak No.17 552, RW.06, Terban, Kec. Gondokusuman, Kota Yogyakarta, Daerah Istimewa Yogyakarta 55223",
        "phone": "",
        "category": "Cafe"
    },
    {
        "name": "Kopi Kenangan - SPBU Timoho Yogyakarta",
        "address": "Jl. Ipda Tut Harsono No.28, Muja Muju, Kec. Umbulharjo, Kota Yogyakarta, Daerah Istimewa Yogyakarta 55165",
        "phone": "81882883959",
        "category": "Cafe"
    },
    {
        "name": "Kopi Kenangan - Super Indo Parangtritis Yogyakarta",
        "address": "59G9+74H, Brontokusuman, Mergangsan, Yogyakarta City, Special Region of Yogyakarta 55143",
        "phone": "8176562184",
        "category": "Cafe"
    },
    {
        "name": "KOPI PAKPOS NOL KM",
        "address": "Jl. Panembahan Senopati No.2, Prawirodirjan, Kec. Gondomanan, Kota Yogyakarta, Daerah Istimewa Yogyakarta 55121",
        "phone": "",
        "category": "Cafe"
    },
    {
        "name": "Kopi Pakpos Toegoe",
        "address": "Jl. Jend. Sudirman No.19, Cokrodiningratan, Kec. Jetis, Kota Yogyakarta, Daerah Istimewa Yogyakarta 55233",
        "phone": "",
        "category": "Cafe"
    },
    {
        "name": "Kopi Pangerten",
        "address": "Jl. KH. Ali Maksum, Glondong, Panggungharjo, Kec. Sewon, Kabupaten Bantul, Daerah Istimewa Yogyakarta 55188",
        "phone": "81226028997",
        "category": "Cafe"
    },
    {
        "name": "Kopi Zop",
        "address": "Garrya Bianti Yogyakarta, Jl. Gabugan Raya, Gabugan, Pandowoharjo, Kec. Sleman, Kabupaten Sleman, Daerah Istimewa Yogyakarta 55512",
        "phone": "8887088881",
        "category": "Cafe"
    },
    {
        "name": "Kopine Eyang",
        "address": "Jl. Panembahan, Panembahan, Kecamatan Kraton, Kota Yogyakarta, Daerah Istimewa Yogyakarta 55131",
        "phone": "8562551697",
        "category": ""
    },
    {
        "name": "Kulik Coffee",
        "address": "Jl. Tj. Raya, Jadan, Tamantirto, Kec. Kasihan, Kabupaten Bantul, Daerah Istimewa Yogyakarta 55184",
        "phone": "82246052884",
        "category": "Cafe"
    },
    {
        "name": "Kupiku Coffee - Condong Catur",
        "address": "Jl. Anggajaya 1 No.8, Gejayan, Condongcatur, Kec. Depok, Kabupaten Sleman, Daerah Istimewa Yogyakarta 55581",
        "phone": "8985906105",
        "category": "Cafe"
    },
    {
        "name": "Kupiku Coffee - Mandala Krida",
        "address": "Jl. Sokonandi II No.9, Semaki, Kec. Umbulharjo, Kota Yogyakarta, Daerah Istimewa Yogyakarta 55166",
        "phone": "8992266010",
        "category": "Cafe"
    },
    {
        "name": "Kyou Matcha Bar",
        "address": "Monjali St No.90, Kutu Dukuh, Sinduadi, Mlati, Sleman Regency, Special Region of Yogyakarta 55284",
        "phone": "81127013878",
        "category": "Cafe"
    },
    {
        "name": "Lange Cafe",
        "address": "Jl. Pakuningratan No.9, Cokrodiningratan, Kec. Jetis, Kota Yogyakarta, Daerah Istimewa Yogyakarta 55233",
        "phone": "",
        "category": ""
    },
    {
        "name": "Lantai Bumi",
        "address": "Jl. Pogung Baru, Pogung Kidul, Sinduadi, Kec. Mlati, Kabupaten Sleman, Daerah Istimewa Yogyakarta 55284",
        "phone": "",
        "category": ""
    },
    {
        "name": "Le Travail Coffee",
        "address": "Jl. Laksda Adisucipto No.19, Demangan, Kec. Gondokusuman, Kota Yogyakarta, Daerah Istimewa Yogyakarta 55221",
        "phone": "82133970457",
        "category": "Cafe"
    },
    {
        "name": "Legend Coffee",
        "address": "Jl. Abu Bakar Ali No.24-26, Kotabaru, Kec. Gondokusuman, Kota Yogyakarta, Daerah Istimewa Yogyakarta 55224",
        "phone": "87705370974",
        "category": ""
    },
    {
        "name": "Lizard Coffee Yogyakarta",
        "address": "Green Plaza, Ruko Jl. Godean No.Km. 2 Kav. 16, Kembang, Ngestiharjo, Kec. Kasihan, Kabupaten Bantul, Daerah Istimewa Yogyakarta 55182",
        "phone": "81250200300",
        "category": ""
    },
    {
        "name": "Loe Goe",
        "address": "Jl. Surirejo, Area Sawah, Sukoharjo, Kec. Ngaglik, Kabupaten Sleman, Daerah Istimewa Yogyakarta 55581",
        "phone": "(0274)2878669",
        "category": "Cafe"
    },
    {
        "name": "LOKIO Coffee & Eatery - Mangkubumi",
        "address": "Jl. Margo Utomo No.21, Gowongan, Kec. Jetis, Kota Yogyakarta, Daerah Istimewa Yogyakarta 55232",
        "phone": "8895346650",
        "category": ""
    },
    {
        "name": "LOKIO Coffee & Eatery - Yogyatourium",
        "address": "Jl. Gedongkuning No.128, Rejowinangun, Kec. Kotagede, Kota Yogyakarta, Daerah Istimewa Yogyakarta 55171",
        "phone": "82219688811",
        "category": ""
    },
    {
        "name": "Loko Cafe - Stasiun Tugu",
        "address": "Sosromenduran, Gedong Tengen, Yogyakarta City, Special Region of Yogyakarta",
        "phone": "88802884398",
        "category": ""
    },
    {
        "name": "LOKO CAFE MALIOBORO",
        "address": "Komp. Ps. Kembang, Jl. Ps. Kembang, Sosromenduran, Gedong Tengen, Kota Yogyakarta, Daerah Istimewa Yogyakarta 55271",
        "phone": "81410909860",
        "category": ""
    },
    {
        "name": "Luke & Friends Coffee",
        "address": "Gg. Pangkur. 2, Jl. Kaliurang No.KM. 5, Kabupaten Sleman, Daerah Istimewa Yogyakarta 55284",
        "phone": "85962362576",
        "category": "Cafe"
    },
    {
        "name": "Lunaria Coffee Yogyakarta",
        "address": "Jl. Gedongkiwo No.29, Gedongkiwo, Kec. Mantrijeron, Kota Yogyakarta, Daerah Istimewa Yogyakarta 55142",
        "phone": "",
        "category": "Cafe"
    },
    {
        "name": "Lussid Coffee",
        "address": "Jl. Taman Siswa No.95, Wirogunan, Kec. Mergangsan, Kota Yogyakarta, Daerah Istimewa Yogyakarta 55151",
        "phone": "",
        "category": ""
    },
    {
        "name": "Lvl Up Coffee",
        "address": "Jl. Sinduadi, Kutu Patran, Sinduadi, Kec. Mlati, Kabupaten Sleman, Daerah Istimewa Yogyakarta 55284",
        "phone": "85175403458",
        "category": "Cafe"
    },
    {
        "name": "Machia Social Space - Palagan",
        "address": "Jl. Palagan Tentara Pelajar, RW.5, Mudal, Sariharjo, Kec. Ngaglik, Kabupaten Sleman, Daerah Istimewa Yogyakarta 55581",
        "phone": "81127013858",
        "category": "Cafe"
    },
    {
        "name": "Machia Social Space - Seturan",
        "address": "Jl. Seturan Square, Kledokan, Caturtunggal, Kec. Depok, Kabupaten Sleman, Daerah Istimewa Yogyakarta 55281",
        "phone": "81120713889",
        "category": "Cafe"
    },
    {
        "name": "Mail Coffee",
        "address": "Jl. Gn. Gamping, Gamping Tengah, Ambarketawang, Kec. Gamping, Kabupaten Sleman, Daerah Istimewa Yogyakarta 55294",
        "phone": "88227344641",
        "category": "Cafe"
    },
    {
        "name": "Mamahk\u00e9 Jogja",
        "address": "KT 1 329 Kraton, Jl. Taman, Patehan, Kecamatan Kraton, Kota Yogyakarta, Daerah Istimewa Yogyakarta 55133",
        "phone": "8118063080",
        "category": "Cafe"
    },
    {
        "name": "Mandala Roastery",
        "address": "Jl. Taman No.32, Patehan, Kecamatan Kraton, Kota Yogyakarta, Daerah Istimewa Yogyakarta 55133",
        "phone": "81262877771",
        "category": ""
    },
    {
        "name": "Mantra Bumi Coffee",
        "address": "No Jl. Parangtritis No.364, Pandes, Panggungharjo, Sewon, Bantul Regency, Special Region of Yogyakarta 55188",
        "phone": "82220364946",
        "category": "Cafe"
    },
    {
        "name": "mari_ngopi The Independent Coffee",
        "address": "59Q6+CPW, Jl. Ngadisuryan No.26b, Patehan, Kecamatan Kraton, Kota Yogyakarta, Daerah Istimewa Yogyakarta 55133",
        "phone": "",
        "category": ""
    },
    {
        "name": "Marko Milk and Coffee",
        "address": "Wates St KM.3 No.68, Sonosewu, Ngestiharjo, Kasihan, Bantul Regency, Special Region of Yogyakarta 55182",
        "phone": "",
        "category": ""
    },
    {
        "name": "MASH",
        "address": "59X3+P9H, Jl. Prof. DR. Ki Amri Yahya, Pakuncen, Wirobrajan, Kota Yogyakarta, Daerah Istimewa Yogyakarta 55167",
        "phone": "82146120617",
        "category": "Cafe"
    },
    {
        "name": "Metropole Coffee",
        "address": "Jl. Nitikan Baru No.18, Sorosutan, Kec. Umbulharjo, Kota Yogyakarta, Daerah Istimewa Yogyakarta 55162",
        "phone": "",
        "category": "Cafe"
    },
    {
        "name": "mmmatcha Sudirman - Tugu Jogja",
        "address": "Jl. Jend. Sudirman No.23, Cokrodiningratan, Kec. Jetis, Kota Yogyakarta, Daerah Istimewa Yogyakarta 55233",
        "phone": "81128509979",
        "category": "Cafe"
    },
    {
        "name": "Mohan Caf\u00e9",
        "address": "8929+V2P, Dekat, Kleben Moncosan, Pandowoharjo, Kec. Sleman, Kabupaten Sleman, Daerah Istimewa Yogyakarta 55512",
        "phone": "81325877887",
        "category": "Cafe"
    },
    {
        "name": "Moikai Coffee",
        "address": "Jl. Taman Siswa No.27C, Wirogunan, Kec. Mergangsan, Kota Yogyakarta, Daerah Istimewa Yogyakarta 55151",
        "phone": "81228032298",
        "category": "Cafe"
    },
    {
        "name": "Mor Cafe & Beauty",
        "address": "Jl. Affandi No.27, Karang Gayam, Caturtunggal, Kec. Depok, Kabupaten Sleman, Daerah Istimewa Yogyakarta 55281",
        "phone": "",
        "category": "Cafe"
    },
    {
        "name": "Mr Like",
        "address": "Jl. Gambir, Kocoran, Caturtunggal, Kec. Depok, Kabupaten Sleman, Daerah Istimewa Yogyakarta 55281",
        "phone": "85175222343",
        "category": "Cafe"
    },
    {
        "name": "My Kopi-O!",
        "address": "Jl. Candrakirana No.21, Terban, Kec. Gondokusuman, Kota Yogyakarta, Daerah Istimewa Yogyakarta 55223",
        "phone": "(0274)562883",
        "category": ""
    },
    {
        "name": "Nabe Coffee Kusuma",
        "address": "Jl. Kusumanegara No.11, Semaki, Kec. Umbulharjo, Kota Yogyakarta, Daerah Istimewa Yogyakarta 55166",
        "phone": "",
        "category": "Cafe"
    },
    {
        "name": "Nabe Coffee Soragan",
        "address": "Jl. Soragan No.29, Soragan, Ngestiharjo, Kec. Kasihan, Kabupaten Bantul, Daerah Istimewa Yogyakarta 55184",
        "phone": "87778928088",
        "category": "Cafe"
    },
    {
        "name": "Narawita Sanctuary Space",
        "address": "Jl. Anggrek, Blotan, Wedomartani, Kec. Ngemplak, Kabupaten Sleman, Daerah Istimewa Yogyakarta 55584",
        "phone": "",
        "category": "Cafe"
    },
    {
        "name": "Naudi Coffee & Eatery",
        "address": "Jl. Pandega Marta Jl. Pogung Lor No.81, Pogung Lor, Sinduadi, Kec. Mlati, Kota Yogyakarta, Daerah Istimewa Yogyakarta",
        "phone": "",
        "category": "Cafe"
    },
    {
        "name": "NAWWA KOPI",
        "address": "Jl. Colombo No.30, RW.02, Karang Malang, Caturtunggal, Kec. Depok, Kabupaten Sleman, Daerah Istimewa Yogyakarta 55281",
        "phone": "87716663977",
        "category": "Cafe"
    },
    {
        "name": "Negra Coffee",
        "address": "Jl. Polowijan No.42, Kadipaten, Kecamatan Kraton, Kota Yogyakarta, Daerah Istimewa Yogyakarta 55132",
        "phone": "85179666932",
        "category": ""
    },
    {
        "name": "Nest Coffee & Donuts",
        "address": "Jl. Ringroad Selatan, Giwangan, Kec. Umbulharjo, Kota Yogyakarta, Daerah Istimewa Yogyakarta",
        "phone": "81391649697",
        "category": "Cafe"
    },
    {
        "name": "Ng'laras Coffee & Gelato",
        "address": "Jl. Gerilya No.813, RT.38/RW.10, Brontokusuman, Kec. Mergangsan, Kota Yogyakarta, Daerah Istimewa Yogyakarta 55153",
        "phone": "82325658900",
        "category": ""
    },
    {
        "name": "Nilu Reserve",
        "address": "Jl. Cendrawasih No.35, Manukan, Condongcatur, Kec. Depok, Kabupaten Sleman, Daerah Istimewa Yogyakarta 55281",
        "phone": "",
        "category": "Cafe"
    },
    {
        "name": "Nimikri Bakery & Cafe",
        "address": "Jl. Dr. Wahidin Sudirohusodo No.44b, Klitren, Kec. Gondokusuman, Kota Yogyakarta, Daerah Istimewa Yogyakarta 55224",
        "phone": "",
        "category": "Cafe"
    },
    {
        "name": "Nol Kilometer Coffee & Tea Yogyakarta",
        "address": "Jl. Pangurakan No.04, Ngupasan, Kec. Gondomanan, Kota Yogyakarta, Daerah Istimewa Yogyakarta 55122",
        "phone": "8882205555",
        "category": ""
    },
    {
        "name": "NORDU Coffee & Eatery",
        "address": "69P9+PM3, Kutu Dukuh, Sinduadi, Kec. Mlati, Kabupaten Sleman, Daerah Istimewa Yogyakarta",
        "phone": "",
        "category": "Cafe"
    },
    {
        "name": "Noren Coffee & Roastery",
        "address": "Jl. Sosrokusuman No.178-109, Suryatmajan, Kec. Danurejan, Kota Yogyakarta, Daerah Istimewa Yogyakarta 55213",
        "phone": "85198543714",
        "category": "Cafe"
    },
    {
        "name": "Nuju Coffee Sagan Yogyakarta | Coffee Shop Yogyakarta",
        "address": "69CH+9Q5, Jl. Prof. Dr. Ir. Herman Johannes No.1030, Terban, Kec. Gondokusuman, Kota Yogyakarta, Daerah Istimewa Yogyakarta 55223",
        "phone": "",
        "category": "Cafe"
    },
    {
        "name": "Nuju Coffee Seturan Yogyakarta",
        "address": "Jl. Seturan Raya, Kledokan, Caturtunggal, Kec. Depok, Kabupaten Sleman, Daerah Istimewa Yogyakarta 55281",
        "phone": "",
        "category": "Cafe"
    },
    {
        "name": "Nyore Coffee & Space",
        "address": "Jl. Margo Utomo No.79, Gowongan, Kec. Jetis, Kota Yogyakarta, Daerah Istimewa Yogyakarta 55233",
        "phone": "0895-4172-52687",
        "category": "Cafe"
    },
    {
        "name": "Oase Cafe & Resto - Tamansiswa",
        "address": "Jl. Taman Siswa No.31, Wirogunan, Kec. Mergangsan, Kota Yogyakarta, Daerah Istimewa Yogyakarta 55151",
        "phone": "81225595758",
        "category": ""
    },
    {
        "name": "Obie Cafe & Space",
        "address": "Jl. Pogung Raya, Pogung Kidul, Sinduadi, Kec. Mlati, Kabupaten Sleman, Daerah Istimewa Yogyakarta 55284",
        "phone": "87776437207",
        "category": "Cafe"
    },
    {
        "name": "OKID Cafe",
        "address": "Jl. Panembahan No.1-3, Panembahan, Kecamatan Kraton, Kota Yogyakarta, Daerah Istimewa Yogyakarta 55131",
        "phone": "81282228109",
        "category": ""
    },
    {
        "name": "Omah Dhuwur Coffee & Dining",
        "address": "Jl. Mondorakan No.252, Bodon, Jagalan, Kec. Kotagede, Kabupaten Bantul, Daerah Istimewa Yogyakarta 55192",
        "phone": "(0274)374952",
        "category": "Cafe"
    },
    {
        "name": "Omah Kalang Coffee and Space \ua9cb\ua98e\ua9a9\ua983\ua98f\ua9ad\ua981\ua995\ua9ba\ua9b4\ua9a5\ua9b3\ua9c0\ua9a5\ua9b3\ua9ba\ua9aa\ua9ba\ua984\ua9a4\ua9c0\ua99d\ua9c0\ua9b1\ua9c0\ua9a5\ua995\ua9ba",
        "address": "Jl. Tegal Gendu No.28, Prenggan, Kec. Kotagede, Kota Yogyakarta, Daerah Istimewa Yogyakarta 55172",
        "phone": "8811417107",
        "category": "Cafe"
    },
    {
        "name": "OMORE Coffee",
        "address": "Jl. Palagan Tentara Pelajar No.38A, Mudal, Sariharjo, Kec. Ngaglik, Kabupaten Sleman, Daerah Istimewa Yogyakarta 55581",
        "phone": "",
        "category": "Cafe"
    },
    {
        "name": "Opera Pastry Cafe",
        "address": "Jl. R.W. Monginsidi No.19, Karangwaru, Kec. Tegalrejo, Kota Yogyakarta, Daerah Istimewa Yogyakarta 55241",
        "phone": "81139007619",
        "category": ""
    },
    {
        "name": "OPPIO",
        "address": "Jl. Nglengkong Besi No.11, Area Sawah, Sukoharjo, Kec. Ngaglik, Kabupaten Sleman, Daerah Istimewa Yogyakarta 55581",
        "phone": "81239999082",
        "category": "Cafe"
    },
    {
        "name": "Otadan Restaurant",
        "address": "Dero Wetan, Harjobinangun, Pakem, Sleman Regency, Special Region of Yogyakarta 55582",
        "phone": "82142003131",
        "category": "Cafe"
    },
    {
        "name": "Paddys Cafe & Eatery",
        "address": "Jl. Pramuka No.10, Krandohan, Trirenggo, Kec. Bantul, Kabupaten Bantul, Daerah Istimewa Yogyakarta 55714",
        "phone": "85940752755",
        "category": "Cafe"
    },
    {
        "name": "Panenila",
        "address": "Jl. Candimendiro No.7, Candi Karang, Sardonoharjo, Kec. Ngaglik, Kabupaten Sleman, Daerah Istimewa Yogyakarta 55581",
        "phone": "85888770266",
        "category": "Cafe"
    },
    {
        "name": "Pas Podjok Coffee & Eatery",
        "address": "Jalan Professor Doktor Wirjono Projodikoro, Jl. Ringroad Selatan Tegal Krapyak No.RT.01, Panggungharjo, Kec. Sewon, Kabupaten Bantul, Daerah Istimewa Yogyakarta 55188",
        "phone": "",
        "category": "Cafe"
    },
    {
        "name": "Peachy Coffee & Work Space",
        "address": "Jl. Taman Siswa No.108 C, Wirogunan, Kec. Mergangsan, Kota Yogyakarta, Daerah Istimewa Yogyakarta 55151",
        "phone": "81322553818",
        "category": ""
    },
    {
        "name": "Peacockoffie Palagan",
        "address": "Jl. Palagan Tentara Pelajar No.61C, Panggung Sari, Sariharjo, Kec. Ngaglik, Kabupaten Sleman, Daerah Istimewa Yogyakarta 55581",
        "phone": "(0274)2880215",
        "category": "Cafe"
    },
    {
        "name": "Pengantar Kopi",
        "address": "Gang Hansip Karno Waluyo Tukangan, Jl. Tegal Panggung DN II No.664, Tegal Panggung, Kec. Danurejan, Kota Yogyakarta, Daerah Istimewa Yogyakarta 55212",
        "phone": "87745481347",
        "category": ""
    },
    {
        "name": "Perdipe Coffee Palagan Jogja",
        "address": "Jl. Palagan Tentara Pelajar No.27, Sedan, Sariharjo, Kec. Ngaglik, Kabupaten Sleman, Daerah Istimewa Yogyakarta 55581",
        "phone": "81327766621",
        "category": "Cafe"
    },
    {
        "name": "Petty Pot",
        "address": "Jl. Sabirin No.16, Kotabaru, Kec. Gondokusuman, Kota Yogyakarta, Daerah Istimewa Yogyakarta 55224",
        "phone": "",
        "category": "Cafe"
    },
    {
        "name": "Phin Kopi -------- Coffee & Eatery --------",
        "address": "Jl. Bumijo No.2, Bumijo, Kec. Jetis, Kota Yogyakarta, Daerah Istimewa Yogyakarta 55231",
        "phone": "89603331176",
        "category": ""
    },
    {
        "name": "Pier Coffee",
        "address": "Jl. Bumijo Tengah No.11, RW.001, Bumijo, Kec. Jetis, Kota Yogyakarta, Daerah Istimewa Yogyakarta 55231",
        "phone": "",
        "category": "Cafe"
    },
    {
        "name": "Piezo Kopi Yogyakarta",
        "address": "Jl. Sukonandi No.9, Semaki, Kec. Umbulharjo, Kota Yogyakarta, Daerah Istimewa Yogyakarta 55166",
        "phone": "",
        "category": "Cafe"
    },
    {
        "name": "Piyama Cafe Yogyakarta",
        "address": "Jl. Pangeran Diponegoro No.87, Bumijo, Kec. Jetis, Kota Yogyakarta, Daerah Istimewa Yogyakarta 55231",
        "phone": "8112658989",
        "category": ""
    },
    {
        "name": "Podocarpus by Moikai",
        "address": "Jalan Podocarpus, Sagan, Caturtunggal, Kec. Depok, Kabupaten Sleman, Daerah Istimewa Yogyakarta",
        "phone": "",
        "category": "Cafe"
    },
    {
        "name": "POENOKAWAN CAFE RESTO & GALLERY",
        "address": "Jl. KH. Ahmad Dahlan No.71, RW.08, Notoprajan, Ngampilan, Kota Yogyakarta, Daerah Istimewa Yogyakarta 55262",
        "phone": "",
        "category": ""
    },
    {
        "name": "POFFEN",
        "address": "Jl. Pakuningratan No.21 Kel. Cokrodiningratan ; Kec. Jetis Special Region of, Kota Yogyakarta, Daerah Istimewa Yogyakarta 55233",
        "phone": "8121515787",
        "category": "Cafe"
    },
    {
        "name": "PRADA ESPRESSO",
        "address": "Jl. Perumnas, Kledokan, Caturtunggal, Kec. Depok, Kabupaten Sleman, Daerah Istimewa Yogyakarta 55281",
        "phone": "",
        "category": "Cafe"
    },
    {
        "name": "Punika Deli",
        "address": "Royal Ambarrukmo Lobby, Jl. Laksda Adisucipto No.81, Ambarukmo, Caturtunggal, Depok, Yogyakarta, Special Region of Yogyakarta 55281",
        "phone": "274488488",
        "category": "Cafe"
    },
    {
        "name": "R3 CAFE",
        "address": "Brajan, Tamantirto, Kasihan, Bantul Regency, Special Region of Yogyakarta 55184",
        "phone": "85325438689",
        "category": ""
    },
    {
        "name": "Rambat Coffee & Space",
        "address": "Jl. Perumnas No.240a, Nologaten, Caturtunggal, Kec. Depok, Kabupaten Sleman, Daerah Istimewa Yogyakarta 55281",
        "phone": "",
        "category": "Cafe"
    },
    {
        "name": "Ramble Coffee Gading",
        "address": "Jl. Mayjend Sutoyo No.9, Mantrijeron, Kec. Mantrijeron, Kota Yogyakarta, Daerah Istimewa Yogyakarta 55143",
        "phone": "85179912877",
        "category": "Cafe"
    },
    {
        "name": "Relasi Co-Working Space",
        "address": "69RG+JJ9, Jl. Pogung Baru Blk. E No.34, Pogung Kidul, Sinduadi, Kec. Mlati, Kabupaten Sleman, Daerah Istimewa Yogyakarta 55284",
        "phone": "88985188838",
        "category": "Cafe"
    },
    {
        "name": "Restless Coffee & Eatery",
        "address": "Jl. Gayam No.3, Baciro, Kec. Gondokusuman, Kota Yogyakarta, Daerah Istimewa Yogyakarta 55225",
        "phone": "87866885757",
        "category": "Cafe"
    },
    {
        "name": "Resto dan Cafe Jogja Isvara Kitchen & Coffee",
        "address": "Jl. Sultan Agung No.60, Wirogunan, Kec. Mergangsan, Kota Yogyakarta, Daerah Istimewa Yogyakarta 55244",
        "phone": "87733445562",
        "category": "Cafe"
    },
    {
        "name": "Ropang Village",
        "address": "Jl. Kranji, Randuguang, Sariharjo, Kec. Ngaglik, Yogyakarta, Daerah Istimewa Yogyakarta 55581",
        "phone": "81387871655",
        "category": "Cafe"
    },
    {
        "name": "Ruang JAKA Coffee & Free Wifi",
        "address": "Jl. Polowijan No.17B, Patehan, Kecamatan Kraton, Kota Yogyakarta, Daerah Istimewa Yogyakarta 55133",
        "phone": "85878072278",
        "category": ""
    },
    {
        "name": "Rubah Coffee",
        "address": "Jl. Kayen Raya No.176, Kayen, Condongcatur, Kec. Depok, Kabupaten Sleman, Daerah Istimewa Yogyakarta 55283",
        "phone": "81122225171",
        "category": "Cafe"
    },
    {
        "name": "SABIN by Seken Living",
        "address": "Jl. Ngaglik, Karanglo, Sukoharjo, Kec. Ngaglik, Kabupaten Sleman, Daerah Istimewa Yogyakarta 55581",
        "phone": "",
        "category": "Cafe"
    },
    {
        "name": "Saka Coffee Yogyakarta",
        "address": "Jl. Bener No.4, Bener, Kec. Tegalrejo, Kota Yogyakarta, Daerah Istimewa Yogyakarta 55243",
        "phone": "85891534419",
        "category": "Cafe"
    },
    {
        "name": "Sapa Seduh",
        "address": "Jl. Lowanu No.105, Sorosutan, Kec. Umbulharjo, Kota Yogyakarta, Daerah Istimewa Yogyakarta 63361",
        "phone": "0882-0076-73321",
        "category": "Cafe"
    },
    {
        "name": "Sapulu Coffee",
        "address": "Jl. Panembahan Mangkurat No.10, Panembahan, Kecamatan Kraton, Kota Yogyakarta, Daerah Istimewa Yogyakarta 55131",
        "phone": "(0274)4289475",
        "category": "Cafe"
    },
    {
        "name": "Sasmaka Dining & Cafe",
        "address": "Jl. Raya Ngemplak, Kemasan, Widodomartani, Kec. Ngemplak, Kabupaten Sleman, Daerah Istimewa Yogyakarta 55584",
        "phone": "81288858100",
        "category": "Cafe"
    },
    {
        "name": "Satu Lokasi Coffee & Store",
        "address": "Jl. Sareh No.5, Kotabaru, Kec. Gondokusuman, Kota Yogyakarta, Daerah Istimewa Yogyakarta 55224",
        "phone": "85962362576",
        "category": ""
    },
    {
        "name": "Sebelas Coffee - Balcos Compound",
        "address": "Jl. Kedawung, Nologaten, Caturtunggal, Kec. Depok, Kabupaten Sleman, Daerah Istimewa Yogyakarta 55281",
        "phone": "85117439369",
        "category": "Cafe"
    },
    {
        "name": "Sebelas Coffee - Gejayan",
        "address": "Jl. Affandi No.31, Mrican, Caturtunggal, Kec. Depok, Kabupaten Sleman, Daerah Istimewa Yogyakarta 55222",
        "phone": "85117439369",
        "category": "Cafe"
    },
    {
        "name": "Sebelas Coffee - HOS COKRO",
        "address": "Jl. HOS Cokroaminoto No.123, Tegalrejo, Kec. Tegalrejo, Kota Yogyakarta, Daerah Istimewa Yogyakarta 55253",
        "phone": "85117439369",
        "category": "Cafe"
    },
    {
        "name": "Sebelas Coffee - Monjali",
        "address": "Monjali St No.111, Gemawang, Sinduadi, Mlati, Sleman Regency, Special Region of Yogyakarta 55288",
        "phone": "85117439369",
        "category": "Cafe"
    },
    {
        "name": "Sebelas Coffee - Veteran",
        "address": "Jl. Pandeyan No.24, Pandeyan, Kec. Umbulharjo, Kota Yogyakarta, Daerah Istimewa Yogyakarta 55161",
        "phone": "85117439369",
        "category": "Cafe"
    },
    {
        "name": "Sebelas Coffee GO",
        "address": "Jl. Cemp. No.148, Perumnas Condong Catur, Condongcatur, Kec. Depok, Kabupaten Sleman, Daerah Istimewa Yogyakarta 55281",
        "phone": "85117439369",
        "category": "Cafe"
    },
    {
        "name": "Secret Garden Coffee and Chocolate",
        "address": "59X3+RHV, Jl. Prof. DR. Ki Amri Yahya No.2, Pakuncen, Wirobrajan, Kota Yogyakarta, Daerah Istimewa Yogyakarta 55253",
        "phone": "",
        "category": ""
    },
    {
        "name": "Segara by Inessya",
        "address": "Jl. Ke Puncak Tim., Rejosari, Kemadang, Kec. Tanjungsari, Kabupaten Gunungkidul, Daerah Istimewa Yogyakarta 55881",
        "phone": "81390730025",
        "category": "Cafe"
    },
    {
        "name": "Sellie Coffee",
        "address": "NG 3, Jl. Gerilya No.822, RT.039/RW.010, Brontokusuman, Kec. Mergangsan, Kota Yogyakarta, Daerah Istimewa Yogyakarta 55153",
        "phone": "(0274)384916",
        "category": ""
    },
    {
        "name": "Selonjor Coffee Lor Malioboro",
        "address": "Jl. P. Mangkubumi No.51, RW.001, Gowongan, Kec. Jetis, Kota Yogyakarta, Daerah Istimewa Yogyakarta 55233",
        "phone": "85717798982",
        "category": ""
    },
    {
        "name": "Sender Coffee // Emma's Personal Space",
        "address": "Jl. Cenderawasih No.32 B, Demangan, Caturtunggal, Kec. Depok, Kabupaten Sleman, Daerah Istimewa Yogyakarta 55281",
        "phone": "8952892212",
        "category": "Cafe"
    },
    {
        "name": "SENJA Coffee & Memories",
        "address": "Jl. Kaliurang No.36 km 4, RW.5, Kocoran, Caturtunggal, Kec. Depok, Kabupaten Sleman, Daerah Istimewa Yogyakarta 55281",
        "phone": "8885855855",
        "category": ""
    },
    {
        "name": "Sepakat Coffee",
        "address": "Jl. Wahid hasyim No.187A dn, Ngropoh, Condongcatur, Kabupaten Sleman, Daerah Istimewa Yogyakarta 55262",
        "phone": "87715307300",
        "category": "Cafe"
    },
    {
        "name": "Seraya Coffee and Space Jogja",
        "address": "Jl. Magelang, Rogoyudan, Sinduadi, Kec. Mlati, Kabupaten Sleman, Daerah Istimewa Yogyakarta 55242",
        "phone": "87762707569",
        "category": "Cafe"
    },
    {
        "name": "Seven Stones Coffee Shop",
        "address": "Karang Wuni, Caturtunggal, Kec. Depok, Kabupaten Sleman, Daerah Istimewa Yogyakarta 55284",
        "phone": "87743605875",
        "category": ""
    },
    {
        "name": "Silol Kopi & Eatery",
        "address": "Jl. Suroto, Kotabaru, Kec. Gondokusuman, Kota Yogyakarta, Daerah Istimewa Yogyakarta 55224",
        "phone": "(0274)5012802",
        "category": ""
    },
    {
        "name": "Simetri Coffee Roaster",
        "address": "Jl. Sabirin No.20, Kotabaru, Kec. Gondokusuman, Kota Yogyakarta, Daerah Istimewa Yogyakarta 55224",
        "phone": "(0274)5026959",
        "category": ""
    },
    {
        "name": "SMEDI Coliving & Coffee by SUHU",
        "address": "Jl. Pareanom No.15, Patangpuluhan, Wirobrajan, Kota Yogyakarta, Daerah Istimewa Yogyakarta 55251",
        "phone": "8174155758",
        "category": "Cafe"
    },
    {
        "name": "Sney.Co",
        "address": "Jl. Timoho, Baciro, Kec. Gondokusuman, Kota Yogyakarta, Daerah Istimewa Yogyakarta 55165",
        "phone": "81299928441",
        "category": "Cafe"
    },
    {
        "name": "Social Smoothies",
        "address": "Gg. Klp. Gading Jl. Kaliurang, Manggung, Caturtunggal, Kec. Depok, Kabupaten Sleman, Daerah Istimewa Yogyakarta 55281",
        "phone": "85190086865",
        "category": "Cafe"
    },
    {
        "name": "SONDERBREW",
        "address": "Jl. Krasak Timur No.32, Bausasran, Kec. Danurejan, Kota Yogyakarta, Daerah Istimewa Yogyakarta 55211",
        "phone": "85743326177",
        "category": ""
    },
    {
        "name": "Space Coffee Roastery",
        "address": "Gg. Loncang No.88, Rogoyudan, Sinduadi, Kec. Mlati, Kabupaten Sleman, Daerah Istimewa Yogyakarta 55284",
        "phone": "82288909088",
        "category": "Cafe"
    },
    {
        "name": "Space Roastery | Space Coffee Bar",
        "address": "Kutu Patran, Sinduadi, Mlati, Sleman Regency, Special Region of Yogyakarta 55284",
        "phone": "82288909088",
        "category": "Cafe"
    },
    {
        "name": "Space Roastery 1890",
        "address": "Jl. MT. Haryono No.9, Suryodiningratan, Kec. Mantrijeron, Kota Yogyakarta, Daerah Istimewa Yogyakarta 55141",
        "phone": "82288909088",
        "category": "Cafe"
    },
    {
        "name": "Space Roastery CCC (Coffee Coffee Cult)",
        "address": "Jl. A.M. Sangaji No.62, Cokrodiningratan, Kec. Jetis, Kota Yogyakarta, Daerah Istimewa Yogyakarta 55233",
        "phone": "82288909088",
        "category": "Cafe"
    },
    {
        "name": "Space Roastery ONE",
        "address": "Jl. P. Mangkubumi No.77, Gowongan, Kec. Jetis, Kota Yogyakarta, Daerah Istimewa Yogyakarta 55233",
        "phone": "82288909088",
        "category": "Cafe"
    },
    {
        "name": "Spatialty Kitchen and Coffee",
        "address": "Jl. Kranggan No.29, Cokrodiningratan, Kec. Jetis, Kota Yogyakarta, Daerah Istimewa Yogyakarta 55233",
        "phone": "",
        "category": ""
    },
    {
        "name": "STAIRS at Prawirotaman",
        "address": "Jl. Prawirotaman, Brontokusuman, Kec. Mergangsan, Kota Yogyakarta, Daerah Istimewa Yogyakarta 55153",
        "phone": "85215655565",
        "category": "Cafe"
    },
    {
        "name": "STATE Cafe & Brasserie",
        "address": "Jl. Lempongsari, Jongkang, Sariharjo, Kec. Ngaglik, Kabupaten Sleman, Daerah Istimewa Yogyakarta 55581",
        "phone": "85960195261",
        "category": "Cafe"
    },
    {
        "name": "SUA Coffee Malioboro",
        "address": "Jl Kemetiran Lor GT II/671, Gedongtengen, Pringgokusuman, Gedong Tengen, Special Region of Yogyakarta 55272",
        "phone": "81290902648",
        "category": "Cafe"
    },
    {
        "name": "SUHKA Coffee Space",
        "address": "Kaliurang St Gg. Siti Sonya No.KM5, Pogung Kidul, Sinduadi, Mlati, Sleman Regency, Special Region of Yogyakarta 55284",
        "phone": "81999554451",
        "category": "Cafe"
    },
    {
        "name": "Sunset Coffee & Eatery",
        "address": "Jl. Nologaten, Nologaten, Condongcatur, Kec. Depok, Kota Yogyakarta, Daerah Istimewa Yogyakarta 55281",
        "phone": "8112791000",
        "category": "Cafe"
    },
    {
        "name": "Svarga Flora Coffee & Plants",
        "address": "Jl. Affandi No.26A, Soropadan, Condongcatur, Kec. Depok, Kabupaten Sleman, Daerah Istimewa Yogyakarta 55222",
        "phone": "87861810720",
        "category": ""
    },
    {
        "name": "Tanamera Coffee Yogyakarta",
        "address": "Jl. Jend. Sudirman No.3, Cokrodiningratan, Kec. Jetis, Kota Yogyakarta, Daerah Istimewa Yogyakarta 55233",
        "phone": "(0274)5012738",
        "category": ""
    },
    {
        "name": "Taru Martani Coffee & Resto 1918",
        "address": "Jl Pengok Kidul No.2A, Baciro, Kec. Gondokusuman, Kota Yogyakarta, Daerah Istimewa Yogyakarta 55225",
        "phone": "81336483124",
        "category": ""
    },
    {
        "name": "Tekoff Coffee and Tea",
        "address": "Jalan Sagan Timur GK 5 1053B, Terban, Kec. Gondokusuman, Kota Yogyakarta, Daerah Istimewa Yogyakarta 55223",
        "phone": "8175424291",
        "category": "Cafe"
    },
    {
        "name": "Teras Kemala",
        "address": "Puluhdadi No.394 C, Kledokan, Caturtunggal, Kec. Depok, Kabupaten Sleman, Daerah Istimewa Yogyakarta 55281",
        "phone": "87714880999",
        "category": "Cafe"
    },
    {
        "name": "Terraloka",
        "address": "Jl. Raya Kaligesing, Krikil, Pendoworejo, Kec. Girimulyo, Kabupaten Kulon Progo, Daerah Istimewa Yogyakarta 55674",
        "phone": "85157395545",
        "category": "Cafe"
    },
    {
        "name": "The Brewing Room",
        "address": "Jl. Pandean Sari III No.10, Candok Condongcatur, Kec. Depok, Kabupaten Sleman Daerah Istimewa, Yogyakarta, Daerah Istimewa Yogyakarta 55281",
        "phone": "8118778877",
        "category": "Cafe"
    },
    {
        "name": "The Workers Coffee",
        "address": "Klitren, Gondokusuman, Yogyakarta City, Special Region of Yogyakarta 55222",
        "phone": "89519407252",
        "category": "Cafe"
    },
    {
        "name": "TIGA by Kanca",
        "address": "Area Sawah, Gg. Akasia, Kwarasan, Yogyakarta, Daerah Istimewa Yogyakarta 55592",
        "phone": "",
        "category": "Cafe"
    },
    {
        "name": "Titik Tentram",
        "address": "Jl. Ngelosari No.rt 06, Jombor, Srimulyo, Kec. Piyungan, Kabupaten Bantul, Daerah Istimewa Yogyakarta 55792",
        "phone": "85174265323",
        "category": "Cafe"
    },
    {
        "name": "Toko Kopi Oetama",
        "address": "Jl. Mayjend Sutoyo No.38, Mantrijeron, Kec. Mantrijeron, Kota Yogyakarta, Daerah Istimewa Yogyakarta 55143",
        "phone": "",
        "category": "Cafe"
    },
    {
        "name": "Toko Kopi TUKU - Kotabaru",
        "address": "Jl. Sajiono No.15, Kotabaru, Kec. Gondokusuman, Kota Yogyakarta, Daerah Istimewa Yogyakarta 55224",
        "phone": "81190035738",
        "category": ""
    },
    {
        "name": "Toleransi Kopi Palagan",
        "address": "Jl. Watugede No.50, Wonorejo, Sariharjo, Kec. Ngaglik, Kabupaten Sleman, Daerah Istimewa Yogyakarta 55581",
        "phone": "85710106444",
        "category": "Cafe"
    },
    {
        "name": "TOMORO COFFE - ATAKRIB",
        "address": "Jl. Magelang No.5 km 5, Kutu Tegal, Sinduadi, Kec. Mlati, Kabupaten Sleman, Daerah Istimewa Yogyakarta 55284",
        "phone": "81217145711",
        "category": "Cafe"
    },
    {
        "name": "TOMORO COFFEE - Demangan",
        "address": "Jl. Demangan Baru No.30, RT.008/RW.02, Mrican, Caturtunggal, Kec. Depok, Kabupaten Sleman, Daerah Istimewa Yogyakarta 55281",
        "phone": "",
        "category": "Cafe"
    },
    {
        "name": "TOMORO COFFEE - Gedongkuning",
        "address": "Jl. Gedongkuning No.20-53, Rejowinangun, Kec. Kotagede, Kota Yogyakarta, Daerah Istimewa Yogyakarta 55171",
        "phone": "",
        "category": "Cafe"
    },
    {
        "name": "TOMORO COFFEE - Godean",
        "address": "Jl. Godean, Cokro Gedok, Sidoarum, Kec. Gamping, Kabupaten Sleman, Daerah Istimewa Yogyakarta",
        "phone": "81227551118",
        "category": "Cafe"
    },
    {
        "name": "TOMORO COFFEE - Jakal UII",
        "address": "Gg. Werkudoro, Lodadi, Umbulmartani, Kec. Ngemplak, Kabupaten Sleman, Daerah Istimewa Yogyakarta 55584",
        "phone": "81119966578",
        "category": "Cafe"
    },
    {
        "name": "TOMORO COFFEE - Kaliurang",
        "address": "Kaliurang St No.23-14, Karang Wuni, Caturtunggal, Depok, Sleman Regency, Special Region of Yogyakarta 55284",
        "phone": "",
        "category": "Cafe"
    },
    {
        "name": "TOMORO COFFEE - Malioboro",
        "address": "Jl. Malioboro No.123, Sosromenduran, Gedong Tengen, Kota Yogyakarta, Daerah Istimewa Yogyakarta 55271",
        "phone": "81127009078",
        "category": "Cafe"
    },
    {
        "name": "TOMORO COFFEE - Pakuwon Mall Jogja",
        "address": "Jl. Ring Road Utara, Kaliwaru, Condongcatur, Kec. Depok, Kabupaten Sleman, Daerah Istimewa Yogyakarta 55281",
        "phone": "0895-3275-75790",
        "category": "Cafe"
    },
    {
        "name": "TOMORO COFFEE - Prawirotaman",
        "address": "59J9+772, Jl. Parangtritis No.83, Brontokusuman, Kec. Mergangsan, Kota Yogyakarta, Daerah Istimewa Yogyakarta 55153",
        "phone": "87752805265",
        "category": "Cafe"
    },
    {
        "name": "TOMORO COFFEE - Sahid J-Walk",
        "address": "Jl. Babarsari Hotel Sahid Raya No.2, Janti, Caturtunggal, Kec. Depok, Kabupaten Sleman, Daerah Istimewa Yogyakarta 55281",
        "phone": "",
        "category": "Cafe"
    },
    {
        "name": "TOMORO COFFEE - Seturan",
        "address": "Jl. Seturan Raya No.C8, Kledokan, Caturtunggal, Kec. Depok, Kabupaten Sleman, Daerah Istimewa Yogyakarta 55281",
        "phone": "",
        "category": "Cafe"
    },
    {
        "name": "TOMORO COFFEE - Sleman City Hall",
        "address": "Jl. Magelang Jl. Gito Gati No.KM 9, Denggung, Tridadi, Kec. Sleman, Kabupaten Sleman, Daerah Istimewa Yogyakarta 55511",
        "phone": "",
        "category": "Cafe"
    },
    {
        "name": "Tomoro Coffee - Stasiun Lempuyangan",
        "address": "695G+W57, Jln. Lempuyangan No.1 RT 01/RW 01, Bausasran, Danurejan, Yogyakarta City, Special Region of Yogyakarta",
        "phone": "81119953799",
        "category": "Cafe"
    },
    {
        "name": "TOMORO COFFEE - Taman Siswa",
        "address": "Jl. Taman Siswa No.89, RW.08, Wirogunan, Kec. Mergangsan, Kota Yogyakarta, Daerah Istimewa Yogyakarta 55151",
        "phone": "",
        "category": "Cafe"
    },
    {
        "name": "TOMORO COFFEE - Tamantirto UMY",
        "address": "58MF+WQG, Jl. Ringroad Barat, Gatak, Tamantirto, Kec. Kasihan, Kabupaten Bantul, Daerah Istimewa Yogyakarta 55184",
        "phone": "",
        "category": "Cafe"
    },
    {
        "name": "TOMORO COFFEE - Wates",
        "address": "45R3+4FF Driyan, RT.060/RW.028, Area Sawah, Wates, Kec. Wates, Kabupaten Kulon Progo, Daerah Istimewa Yogyakarta 55651",
        "phone": "",
        "category": "Cafe"
    },
    {
        "name": "TOMORO COFFEE PALAGAN",
        "address": "Jl. Palagan Tentara Pelajar No.101, Jongkang, Sariharjo, Kec. Ngaglik, Kabupaten Sleman, Daerah Istimewa Yogyakarta 55581",
        "phone": "",
        "category": "Cafe"
    },
    {
        "name": "TRILOGI COFFEE",
        "address": "Jl. Palagan Tentara Pelajar No.8.6 No.KM, Tegal Rejo, Sariharjo, Kec. Ngaglik, Kabupaten Sleman, Daerah Istimewa Yogyakarta 55581",
        "phone": "(0274)2833724",
        "category": "Cafe"
    },
    {
        "name": "Truntum Coffee & Space",
        "address": "Ps. Niten, Jl. Belakang, Sawit, Baru, Kec. Sewon, Kabupaten Bantul, Daerah Istimewa Yogyakarta 55184",
        "phone": "87738934900",
        "category": "Cafe"
    },
    {
        "name": "TUGU LOR",
        "address": "Jl. A.M. Sangaji No.72, Cokrodiningratan, Kec. Jetis, Kota Yogyakarta, Daerah Istimewa Yogyakarta 55233",
        "phone": "(0274)515268",
        "category": ""
    },
    {
        "name": "Tujuan",
        "address": "Tirtodipuran St No.17C, Mantrijeron, Yogyakarta City, Special Region of Yogyakarta 55143",
        "phone": "(0274)417577",
        "category": "Cafe"
    },
    {
        "name": "UD Mitra / Coffee",
        "address": "Jl. Seturan Raya No.189, Ngropoh, Condongcatur, Kec. Depok, Kabupaten Sleman, Daerah Istimewa Yogyakarta 55281",
        "phone": "89688384225",
        "category": "Cafe"
    },
    {
        "name": "UD. Djaya Coffee - Jakal",
        "address": "Jl. Pandega Karya No.2, RT.011/RW.005, Manggung, Caturtunggal, Kec. Depok, Kabupaten Sleman, Daerah Istimewa Yogyakarta 55281",
        "phone": "89651642722",
        "category": "Cafe"
    },
    {
        "name": "Volare Coffee",
        "address": "Jl. Demangan Baru No.2, Demangan Baru, Caturtunggal, Kec. Depok, Kabupaten Sleman, Daerah Istimewa Yogyakarta 55281",
        "phone": "82227177121",
        "category": "Cafe"
    },
    {
        "name": "Walter Coffee & Eatery",
        "address": "Jl. Kemetiran Kidul No.9, RW.001, Pringgokusuman, Gedong Tengen, Kota Yogyakarta, Daerah Istimewa Yogyakarta 55272",
        "phone": "81999983883",
        "category": "Cafe"
    },
    {
        "name": "Warkop Naik Kelas Demangan",
        "address": "Jl. Beo No.3, Demangan Baru, Caturtunggal, Kec. Depok, Kabupaten Sleman, Daerah Istimewa Yogyakarta 55281",
        "phone": "",
        "category": "Cafe"
    },
    {
        "name": "Westpash Coffee",
        "address": "Sayangan No. 06, Sayangan, Jagalan, Banguntapan, Bantul Regency, Special Region of Yogyakarta 55192",
        "phone": "82289811849",
        "category": "Cafe"
    },
    {
        "name": "Wonderlust (Rebranding to ESCOPIA+)",
        "address": "Jl. Kranji, RT.05/RW.19, Randuguang, Sariharjo, Kec. Ngaglik, Kabupaten Sleman, Daerah Istimewa Yogyakarta 55581",
        "phone": "87865447065",
        "category": "Cafe"
    },
    {
        "name": "WONK Cafe",
        "address": "Jl. Raya Wedomartani No.29A, RT.20/RW.67, Malangrejo, Sono Raya, Kec. Ngemplak, Kabupaten Sleman, Daerah Istimewa Yogyakarta 55584",
        "phone": "81326696533",
        "category": "Cafe"
    },
    {
        "name": "Yamas Sky Cafe",
        "address": "Jl. Letjen Suprapto No.1, Ngampilan, Kota Yogyakarta, Daerah Istimewa Yogyakarta 55261",
        "phone": "81215845154",
        "category": ""
    },
    {
        "name": "Zizi Coffee Shop & Pizza",
        "address": "Jl. Langensari No.23 B, Klitren, Kec. Gondokusuman, Kota Yogyakarta, Daerah Istimewa Yogyakarta 55222",
        "phone": "85183168782",
        "category": "Cafe"
    }
]